first_name,last_name,job_title,department,email,address,phone_number,salary,password
Doris,Smith,Environmental manager,Support,robbinseugene@example.net,Shannonmouth,001-472-721-2052x92774,91504,en8iDevS
Leslie,Gomez,Animal nutritionist,Marketing,alyssalarson@example.org,South Travis,502-251-3390x573,78279,WI7WqqFh
Jessica,Levy,Designer jewellery,HR,lgates@example.org,Lake Melindaberg,750-484-1175x5226,72871,dRSkZQgh
Jessica,Zimmerman,Community arts worker,Finance,rodriguezaaron@example.net,Christinaberg,686.548.8865,55998,iuZ3YLZS
Daniel,Roberts,Engineer aeronautical,Support,wjordan@example.net,West Monicaburgh,811-819-2102x1596,85546,hP7HcyJ0
Michael,Stanley,Dance movement psychotherapist,Legal,echandler@example.org,Port Tiffanyshire,289-342-8544x2620,14248,zK8zBABm
Patrick,Warner,Technical sales engineer,Legal,fhatfield@example.net,Lake Ryanfurt,001-565-958-9160x944,14591,Eq5C4TeF
Emily,Williams,Electrical engineer,Engineering,karlavelasquez@example.com,Port Wanda,(242)720-9759,69324,cPQs7FyI
Julia,Mayo,Psychologist sport and exercise,Sales,casey25@example.com,Woodbury,+1-662-959-4282x93247,75963,vjeZYFqF
Sherry,Schroeder,Designer multimedia,Management,clinemelissa@example.org,New Jeremystad,825.929.3137,74023,YDRP6wGL
Michelle,Spencer,Community arts worker,Engineering,sruiz@example.net,Bryantstad,001-934-688-1967x801,76000,nxtBL8SI
April,Sellers,Copywriter advertising,Engineering,tbrown@example.net,Wyattstad,439-956-7323,90601,YB3aIGnx
Lisa,Sosa,Engineer technical sales,Sales,olsonjoseph@example.org,Andreatown,867-270-4743x067,82967,bORI5y2d
Christopher,Mcdonald,IT consultant,Engineering,xhartman@example.org,New Stevenchester,678.921.6417,6841,ffzkon7m
Joseph,Reed,Make,Finance,kellymcmillan@example.net,East Walter,5682986313,27634,9vUCG9eH
Sonya,Brown,Music tutor,Engineering,joseking@example.com,Lake Christopher,746.488.0122,47272,spm1swpZ
David,Baker,Designer interior/spatial,Legal,knightbailey@example.net,Port Davidland,(430)354-3190x919,42910,3ObxRxIw
Thomas,Garza,Hotel manager,Support,ereed@example.com,Martinberg,(338)929-8955x5114,79216,AsD4LXTa
Dominic,Frederick,Product manager,IT,randerson@example.com,New Brittney,+1-829-219-6784x402,11286,bsQ5euvI
Brandon,Jones,Engineer production,Management,rjones@example.net,Whitneyton,001-271-886-1076x635,25626,ao5Ji4QH
Shane,Hawkins,Regulatory affairs officer,IT,vcrane@example.net,Lake Robert,001-290-296-1425x58148,6594,yFdtM8qZ
Suzanne,Rodriguez,TEFL teacher,Management,wjenkins@example.net,Davismouth,5002653471,61748,OCk9fBwB
Mark,Thomas,Health promotion specialist,Support,travis09@example.org,West Kennethton,825.755.2976,8454,VHCUOUTU
Jennifer,Hampton,Armed forces operational officer,Legal,bradyjoshua@example.org,Herringtown,847-541-1224x2194,21482,noHcF2JN
Megan,Tran,Oceanographer,Engineering,littlejenna@example.com,North Jason,(970)796-8507x51789,61768,SwPNyZcW
Joshua,Todd,Investment banker corporate,Legal,qbrown@example.net,Romeroland,+1-564-300-7195x996,9341,u1cwKGk9
Ronald,Hawkins,Local government officer,Finance,jacksonamanda@example.org,Reidhaven,339-476-6211,91976,TqDCX8rf
Sandra,Smith,Lecturer higher education,Sales,stuartwatson@example.net,Lake Brent,9507939393,223,mKDXvdOE
Daniel,Sanchez,Public affairs consultant,Support,scott63@example.net,East Michelleville,723.921.2598,81382,ct7y5sv2
Robert,Johnson,Transport planner,HR,reedgregory@example.net,Rodneyton,+1-631-705-8298,20345,aI3Ofq4c
Michelle,Lowe,Engineer maintenance (IT),HR,shannonwhite@example.net,Nicholsland,+1-596-668-3732,99151,O5WVwG7Q
Katie,Farley,Conservation officer nature,Marketing,elizabeththompson@example.org,Matthewmouth,(901)622-1154x79854,90287,cIoN1jJ7
Heather,Williams,Psychotherapist dance movement,Finance,jonesedward@example.org,Port Lori,(330)453-8726x0469,986,4QLkyX70
Joy,Donaldson,Editorial assistant,Sales,ltaylor@example.net,North Davidberg,539-980-2932x632,56668,sPhr8KTT
Mary,Singleton,Farm manager,Engineering,caroline41@example.net,Wilcoxmouth,001-573-582-6098x68683,12340,deUFvYAG
Tiffany,Barker,Production manager,Legal,rickyjackson@example.com,North Jasonburgh,997-475-1578x24720,73696,6XcbvFfn
Timothy,Adams,Barrister's clerk,Support,gina24@example.org,Grosstown,3984168976,22817,WfJxrNjM
Cynthia,Liu,Investment banker operational,Legal,lisahernandez@example.org,Lemouth,905-766-1812x0337,73114,BE0pmuip
Jessica,Duran,Mental health nurse,Legal,batesbarbara@example.net,Johnsonview,8093292888,50584,nb1n57LW
Seth,Norton,Warden/ranger,Marketing,melissa24@example.com,New Teresa,001-546-774-3292x79054,91297,L9g2O2wz
Curtis,Ruiz,Arts administrator,Management,maryfletcher@example.net,Lake Sarah,001-774-591-0956x65806,90935,R0lSxx8f
Brian,Vargas,Transport planner,IT,jennifer10@example.com,East Lorihaven,(406)283-4954x410,70657,ICUPcnUW
Jay,Gonzalez,Broadcast presenter,Finance,allenjared@example.net,South Zachary,+1-633-464-9613,92718,uX0cC8iw
Brandy,Mitchell,Engineer civil (consulting),Legal,yjones@example.com,Pachecoside,+1-707-521-0601x3698,44396,tnwSxvM8
Anthony,Johnson,Scientist marine,Operations,pachecocynthia@example.net,Baileyview,274.452.5427x062,99287,m8d23mwr
Matthew,Miller,Designer furniture,Support,chris35@example.org,Port Kaylafort,+1-913-977-6020x2677,66759,V0RU4v9D
Thomas,Gomez,IT consultant,IT,david86@example.com,Port Carly,(997)972-3410x59064,42158,R0gIx7Sw
Travis,Duarte,Administrator Civil Service,Marketing,qmcguire@example.com,South Antonio,+1-294-401-7242x423,6805,tQLr9UdL
Jake,Solis,Theatre stage manager,HR,imanning@example.com,East Jay,(919)539-0870,53026,02Znmdb7
Christine,Miller,Engineer aeronautical,Marketing,fchapman@example.org,Smithville,(660)876-9593,95103,sWVlFv0z
Audrey,Johnson,Furniture designer,Marketing,pmacdonald@example.org,New Stephen,726.497.4108x15001,62705,ZNXcLmDB
Alexander,Howard,Facilities manager,Support,dale18@example.org,Pattersontown,200.915.2346x03115,23501,gJ70dlMm
Robert,Mclaughlin,Professor Emeritus,HR,cartershawn@example.com,New Kellyfurt,658.519.2795x03679,80890,F67zEKXD
Karen,Weaver,Broadcast engineer,Legal,jasonparker@example.org,New Eric,(403)813-3430x0609,45087,U0BG4wYL
David,Pope,Psychotherapist child,Operations,rebecca90@example.net,Hartmanport,975-574-8465x0915,37130,GvzpxfRk
Tiffany,Ward,Ergonomist,Operations,davidsullivan@example.org,Bennettshire,(770)740-2679x2361,23695,Lek7afSl
April,Willis,Water engineer,Marketing,nsmith@example.org,South Angela,001-610-934-3205,36,wZ81Nfmp
Anthony,Hernandez,Chartered accountant,Legal,ryanbrianna@example.com,East Williammouth,+1-211-982-3905,59986,gfPerXKz
Hailey,Hardin,Education officer museum,Management,rwilliams@example.net,West Angelastad,463-686-1855x11171,7357,g3SXFnrh
Dawn,Lopez,Theatre director,Finance,spencersarah@example.net,Simonburgh,(911)951-2890x21765,99117,MywMug5V
Nicholas,Garcia,Food technologist,Sales,cmiller@example.net,Jimenezland,(911)441-9086,57086,F7cYhVN9
Victoria,Miller,Radio broadcast assistant,Marketing,dturner@example.net,North Sethchester,(577)473-8294,98503,UoBsLv3I
Tina,Harvey,Designer blown glass/stained glass,Sales,mpearson@example.org,Josephbury,347-520-8958,14166,jRZkN32G
Jamie,Vance,Operational researcher,Legal,jeannecarlson@example.net,West Lauraburgh,+1-836-642-0721x47652,91377,DKZqomSk
Michael,Cowan,Adult nurse,Engineering,moralesbrett@example.org,Ericmouth,+1-540-341-3714x391,10393,BoTUaN9W
Deborah,Jackson,Travel agency manager,HR,mgarcia@example.org,Lake Victoriaton,(913)397-3480,18656,VDoIDE6m
Carol,Bailey,Engineer broadcasting (operations),Management,lopezjustin@example.com,North Amandaland,877.654.7379x3847,52873,GFcTt7qw
Steven,Williams,Media planner,Management,caldwellwhitney@example.org,West Keith,001-975-683-3339x03929,92789,3X1sh4KR
Kimberly,Obrien,Horticulturist commercial,Sales,ross36@example.com,Robertstad,6726812106,32984,LInmxJiD
Bradley,Brock,Operational investment banker,Management,sharon79@example.org,Jamesland,2605098976,35517,9ZKVhwJp
Daniel,Velez,Location manager,IT,nicolebell@example.com,Rebeccafort,+1-345-446-0194x52681,20410,mkYAzH0v
Daniel,Mcneil,Fine artist,Sales,kristen57@example.net,South Devonport,(435)993-2266,44441,SOByA9cP
Cynthia,Mercer,Haematologist,Operations,nfleming@example.net,Thompsonchester,001-396-767-3717x214,75558,KJ5lGmLZ
David,Chen,Water quality scientist,Management,beverly12@example.org,Ryanland,001-484-847-6715x915,40942,M5HvBmIO
Jasmine,Montgomery,Dietitian,Operations,karenwong@example.org,Christopherstad,001-862-971-3479x52460,96501,SGqcwDAG
Edward,Smith,Buyer industrial,Engineering,brendabaker@example.net,Sandramouth,(820)746-4609,66438,eXg4azTt
Christine,Fields,Medical physicist,Operations,otorres@example.com,Port Kara,001-933-802-3737x5847,84432,2f49VZNp
Daniel,Garcia,Chief Operating Officer,Marketing,tconrad@example.com,Mitchellland,353-395-3235,94280,xOyjOLfu
Rita,Thomas,Scientist research (maths),HR,mason40@example.com,Huffland,001-956-245-3748x34976,34550,VZZUlUtO
Jose,Brooks,Museum/gallery conservator,Management,brandiewing@example.org,Port Michelle,814.240.8962x41408,21267,OSjkRZ7z
Amy,Rose,Call centre manager,Management,acombs@example.org,Port Christopher,(373)635-5449,33748,M6HOp8cm
Steven,Morgan,Fisheries officer,Marketing,john70@example.com,Christopherfurt,217.480.8727x9660,7039,oYqMWq6i
Daniel,Bailey,Newspaper journalist,Sales,matthewjones@example.com,Angelaburgh,(239)373-0523x2601,22978,TsZPx3t4
Hannah,Schmidt,Waste management officer,IT,ryan22@example.com,Nelsonshire,805.575.8785,77928,xrTZxwdB
Tracey,Blackburn,Designer furniture,Legal,sanchezevan@example.net,Duncanmouth,(985)637-9649x16263,5585,FKBIIGu8
Hannah,Johnson,Sub,Legal,elliottdylan@example.net,Williamport,317.575.9317x91950,2462,zIdPQ0sI
Sharon,Perry,Dentist,Marketing,chanteresa@example.org,West Nathanside,288.733.4905,31544,j2pW4UWe
Anthony,Evans,Surveyor hydrographic,Management,lhamilton@example.net,North Marvinshire,777-555-1865,62222,97T3MvmK
Mckenzie,Clay,Dispensing optician,Legal,umadden@example.com,Dustinmouth,001-682-990-7666x92825,52259,HecMA1Qj
Michael,Spears,Tourist information centre manager,HR,xsmith@example.com,Perezbury,+1-386-457-7298x31910,78810,T4kQAmEh
Jessica,Powell,Technical sales engineer,Management,larry74@example.com,Smithside,001-837-546-2427x5670,55312,4LTNruUS
Lindsey,Espinoza,Proofreader,HR,fernandezsamantha@example.org,Leblancshire,844-430-9936x8456,62347,bIm0er84
Tonya,Herrera,Research officer government,Support,noblemichelle@example.net,South Edward,(616)661-6625x8815,8340,iuYrUESb
Sarah,Williams,Immigration officer,Engineering,joneslydia@example.com,Williamsonmouth,+1-220-662-6037,50125,EcyXx67v
Veronica,Ross,Development worker international aid,Management,gonzalezvirginia@example.com,South Joshua,296.813.4715x93985,24460,r4W8wLZW
Melinda,Phillips,Designer interior/spatial,Management,efields@example.com,Port Brian,789-359-7585,34128,drT7qlLo
Heather,Jimenez,Physiotherapist,Legal,kaitlynnorman@example.net,West Sherylfurt,001-775-201-8264x582,50708,cA2QEDvu
Christopher,Hill,Dispensing optician,IT,jrice@example.net,Wardstad,9866080059,16231,jmW38U3G
Jodi,Shelton,Water engineer,Engineering,oblake@example.net,North Aliceville,(630)802-2385x36131,5216,0JN9HtcA
Fernando,Hall,Technical sales engineer,HR,hector62@example.org,East Lesliechester,460.846.1086,91091,mX9FbN4i
